{"cameraMode":{"drawMode":0,"name":"Shaded","section":"Shading Mode"},"sceneLighting":true,"audioPlay":false,"sceneViewState":{"showFog":true,"showMaterialUpdate":false,"showSkybox":true,"showFlares":true,"showImageEffects":true,"showParticleSystems":true,"showVisualEffectGraphs":true,"m_FxEnabled":true},"in2DMode":false,"pivot":{"x":-15.933603286743164,"y":2.7752089500427248,"z":6.514444351196289},"rotation":{"x":-0.026992399245500566,"y":0.15114781260490418,"z":-0.004127762280404568,"w":-0.9881483316421509},"size":2.776207208633423,"orthographic":false}