{"cameraMode":{"drawMode":0,"name":"Shaded","section":"Shading Mode"},"sceneLighting":false,"audioPlay":false,"sceneViewState":{"showFog":true,"showMaterialUpdate":false,"showSkybox":false,"showFlares":true,"showImageEffects":true,"showParticleSystems":true,"showVisualEffectGraphs":true,"m_FxEnabled":true},"in2DMode":false,"pivot":{"x":-0.30000001192092898,"y":5.066210746765137,"z":-5.599999904632568},"rotation":{"x":0.17638081312179566,"y":0.12658536434173585,"z":-0.022879445925354959,"w":0.9758809804916382},"size":0.8660253882408142,"orthographic":false}